{
  "test_1_collapsed_codebook": {
    "static": {
      "unique_codes": 36,
      "total_tokens": 11520,
      "top_30_codes": [
        74,
        423,
        761,
        103,
        651,
        853,
        30,
        490,
        270,
        919,
        570,
        801,
        616,
        306,
        257,
        354,
        110,
        544,
        1011,
        600,
        582,
        653,
        200,
        913,
        340,
        993,
        999,
        874,
        589,
        15
      ],
      "top_30_frequencies": [
        1238,
        1157,
        990,
        984,
        919,
        625,
        571,
        477,
        444,
        394,
        385,
        343,
        340,
        296,
        284,
        256,
        254,
        242,
        222,
        210,
        190,
        127,
        113,
        79,
        66,
        65,
        42,
        40,
        38,
        37
      ],
      "top_30_coverage": 0.9920138888888889
    },
    "camera_left": {
      "unique_codes": 36,
      "total_tokens": 11520,
      "top_30_codes": [
        74,
        103,
        423,
        761,
        30,
        651,
        257,
        801,
        600,
        270,
        306,
        200,
        616,
        853,
        110,
        490,
        570,
        544,
        1011,
        354,
        919,
        653,
        993,
        582,
        913,
        371,
        15,
        999,
        561,
        589
      ],
      "top_30_frequencies": [
        1760,
        1405,
        1380,
        955,
        849,
        667,
        443,
        424,
        403,
        340,
        323,
        309,
        253,
        246,
        236,
        227,
        225,
        173,
        164,
        126,
        118,
        83,
        74,
        66,
        54,
        54,
        42,
        39,
        33,
        22
      ],
      "top_30_coverage": 0.99765625
    },
    "camera_right": {
      "unique_codes": 35,
      "total_tokens": 11520,
      "top_30_codes": [
        423,
        74,
        651,
        103,
        761,
        30,
        490,
        853,
        570,
        801,
        306,
        110,
        919,
        270,
        1011,
        257,
        600,
        544,
        200,
        616,
        354,
        913,
        653,
        340,
        589,
        582,
        993,
        371,
        561,
        513
      ],
      "top_30_frequencies": [
        1672,
        1371,
        973,
        964,
        913,
        709,
        492,
        384,
        375,
        374,
        374,
        363,
        294,
        282,
        269,
        267,
        234,
        198,
        177,
        158,
        138,
        130,
        105,
        63,
        61,
        55,
        42,
        27,
        26,
        8
      ],
      "top_30_coverage": 0.9980902777777778
    },
    "camera_up": {
      "unique_codes": 35,
      "total_tokens": 11520,
      "top_30_codes": [
        74,
        103,
        761,
        423,
        651,
        30,
        853,
        490,
        270,
        306,
        919,
        257,
        616,
        544,
        1011,
        570,
        354,
        110,
        801,
        600,
        582,
        200,
        561,
        993,
        913,
        340,
        653,
        999,
        371,
        45
      ],
      "top_30_frequencies": [
        1351,
        1113,
        1041,
        1005,
        984,
        830,
        578,
        437,
        395,
        390,
        382,
        363,
        304,
        285,
        258,
        250,
        236,
        233,
        212,
        205,
        103,
        102,
        92,
        81,
        70,
        37,
        31,
        25,
        25,
        22
      ],
      "top_30_coverage": 0.9930555555555556
    },
    "camera_down": {
      "unique_codes": 35,
      "total_tokens": 11520,
      "top_30_codes": [
        74,
        651,
        103,
        761,
        423,
        30,
        853,
        490,
        306,
        270,
        919,
        257,
        544,
        801,
        1011,
        616,
        354,
        570,
        110,
        600,
        561,
        582,
        200,
        913,
        993,
        653,
        340,
        371,
        45,
        999
      ],
      "top_30_frequencies": [
        1351,
        1038,
        1033,
        966,
        963,
        821,
        655,
        519,
        477,
        456,
        365,
        313,
        283,
        268,
        263,
        235,
        213,
        210,
        200,
        158,
        125,
        105,
        102,
        76,
        72,
        55,
        46,
        39,
        37,
        25
      ],
      "top_30_coverage": 0.9955729166666667
    },
    "move_forward": {
      "unique_codes": 36,
      "total_tokens": 11520,
      "top_30_codes": [
        423,
        74,
        30,
        761,
        651,
        103,
        853,
        270,
        490,
        306,
        257,
        919,
        570,
        110,
        544,
        354,
        801,
        1011,
        616,
        200,
        582,
        600,
        913,
        653,
        993,
        371,
        874,
        999,
        340,
        15
      ],
      "top_30_frequencies": [
        1298,
        1297,
        939,
        920,
        878,
        876,
        539,
        537,
        404,
        329,
        324,
        293,
        284,
        277,
        268,
        246,
        241,
        236,
        222,
        206,
        155,
        145,
        123,
        69,
        62,
        62,
        54,
        52,
        49,
        40
      ],
      "top_30_coverage": 0.9917534722222222
    },
    "jump": {
      "unique_codes": 36,
      "total_tokens": 11520,
      "top_30_codes": [
        74,
        423,
        30,
        651,
        103,
        761,
        853,
        306,
        270,
        490,
        919,
        110,
        257,
        616,
        544,
        570,
        801,
        354,
        1011,
        200,
        913,
        582,
        589,
        600,
        993,
        653,
        999,
        371,
        874,
        15
      ],
      "top_30_frequencies": [
        1587,
        1282,
        1043,
        940,
        858,
        663,
        586,
        525,
        501,
        486,
        361,
        346,
        342,
        292,
        232,
        231,
        196,
        154,
        151,
        136,
        127,
        88,
        61,
        55,
        49,
        45,
        41,
        40,
        32,
        30
      ],
      "top_30_coverage": 0.9965277777777778
    }
  },
  "test_2_tf_vs_ar_logits": {
    "kl_divergence": 2.940175771713257,
    "entropy_tf": 0.7329576015472412,
    "entropy_ar": 0.43434587121009827,
    "confidence_tf": 0.7423007488250732,
    "confidence_ar": 0.8432850241661072,
    "top10_overlap": 6.118055555555555
  },
  "test_3_soft_sampling": {
    "argmax": {
      "frame_0_codes": 35,
      "frame_1_codes": 31,
      "frame_10_codes": 29,
      "frame_19_codes": 29,
      "first_step_drop_pct": 11.428571428571429,
      "all_frames": [
        35,
        31,
        30,
        32,
        31,
        31,
        30,
        30,
        29,
        28,
        29,
        28,
        29,
        29,
        29,
        29,
        29,
        29,
        29,
        29
      ]
    },
    "top_k_50": {
      "frame_0_codes": 34,
      "frame_1_codes": 35,
      "frame_10_codes": 28,
      "frame_19_codes": 28,
      "first_step_drop_pct": -2.941176470588235,